tweet_id,text_clean,label_job,label_trade,label_tech,label_hr,label_milSec
2633483,The Russian invasion of Ukraine has made it clear we should not tolerate authoritarian regimes. Now is the time for liberal democracies to stand united against China’s growing threat to democracy and freedom. HTTPURL,,,,1,
1238769,Simply acknowledging #HumanRightsDay today isn’t enough. China is undermining freedoms for #HongKongers + others. Saudi Arabia killed a US journalist w/impunity. Our Border Patrol has let children die in custody. Rights are under threat around the globe. We cannot be silent. HTTPURL,,,,1,
2484184,"China's Great Firewall of censorship and digital authoritarianism is spreading among its neighbors. The U.S. must lead the way on digital trade and a free and open internet, or else China will continue to export policies that endanger human rights and democratic values. HTTPURL",,,,1,
1083154,Freedom of expression and freedom from tyranny in Hong Kong must be preserved. The people of Hong Kong deserve these unalienable rights. I call on @USER to make it absolutely clear that the United States will not tolerate violations of human rights. HTTPURL,,,,1,
1062030,"We have deep respect for the brave efforts of Hong Kong people from every walk of life who have demonstrated their clear desire for freedom, democracy, and the rule of law. The House Foreign Affairs Committee has called upon Beijing to cease encroaching on Hong Kong’s autonomy. HTTPURL",,,,1,
1600525,"Those complicit in snuffing out freedom, democracy, and human rights in Hong Kong must be held accountable. @USER should immediately call a vote on the Hong Kong Accountability Act, which unanimously passed the Senate last week. HTTPURL",,,,1,
2428184,"As a nation that values freedom, the US must remain a leader in defending human rights. Congress must pass the Uyghur Human Rights Protection Act now to expedite the visa process for Uyghur refugees. We must be true to our values as Americans. HTTPURL I commend @USER' announcement of a diplomatic boycott of the 2022 Beijing Olympics. HTTPURL",,,,1,
3063138,"RT @USER Have yet to hear/read a compelling case for why ""China potentially reversed a 2016 Saudi decision to diplomatically freeze out Iran over protests"" somehow signals a post-U.S. Middle East. Also: Possible China involving itself deeper in MidEast is bad for it and good for U.S.?",,,,,
1994484,"China continues to undermine Hong Kong’s autonomy. I joined a @USER resolution condemning the violation of the rights of the #HongKong people and calling on @USER to work with our allies to protect human rights and ensure accountability.
HTTPURL",,,,1,
1557197,"31 years ago, students, workers, citizens stood up for freedom in Tiananmen Square against the repressive Chinese Communist Party As peaceful protestors across America stand up to end injustice, these students' example should remind us of how America can stand up for our ideals",,,,1,
1083343,Time for democratic nations to call out #China's unacceptable violation of human rights in #HongKong that the 1997 “one country two systems” treaty was created to protect. HTTPURL,,,,1,
1207720,"Now that Congress has passed the Hong Kong Human Rights and Democracy Act, Pres Trump should sign it into law. The American people stand w/ the people of Hong Kong, who should be free to peacefully express their democratic rights without being violently repressed.",,,,1,
2444551,"RT @USER Chairs welcome this action to sanction firms that aid in the repressive surveillance of Uyghurs, Tibetans and others. With passage of the Uyghur Forced Labor Prevention Act, the US government is expanding the use of tools to go after those who commit and abet crimes against humanity. HTTPURL",,,,1,
1542727,Three years of President Trump’s failed foreign policy has left the Chinese Communist Party unchecked. President Trump’s weakness enables China to snuff out the people of Hong Kong’s freedoms and for the Chinese Communist Party to spread its influence. HTTPURL,,,,1,
1469210,[3/3] We cannot be silent. I continue to #StandwithHongKong and call on local authorities and #China to release pro-democracy leaders and drop their efforts to curtail civil and religious freedoms.,,,,1,
3072916,Birds of a feather flock together — Xi and Putin meeting is a clear signal that autocrats worldwide are rooting for freedom and democracy to lose in Ukraine. That’s why you can’t say you’re tough on China if you’re weak on Russia and willing to abandon the people of Ukraine. HTTPURL,,,,1,
2993001,"RT @USER In the last two years: :dollar_banknote: Stimulus checks
:money_with_wings: Child tax credits
:chart_decreasing: Record low unemployment
:chart_increasing: 11M new jobs
:pill: Lower Rx prices
:syringe: Insulin capped for millions
:megaphone: Cheaper hearing aids
:factory: Jobs back from China
:Ukraine: Defending democracy
:United_States: Strong leadership Say it with me: #DemocratsDeliver HTTPURL",1,,,,
2496129,"A threat to democracy anywhere in the world, is a threat to democracy here at home. It's not just Russia — it's China and others who are hell-bent on stifling the will of the people. We must stand firm. HTTPURL",,,,1,
1060719,I continue to stand with the #HongKongProtestors who are fighting against authoritarian rule by Beijing. Carrie Lam must withdraw the extradition bill and put an end to the police violence. Trump continues to relinquish America’s moral standing by ignoring Xi’s human rights abuses.,,,,1,
367575,"Faced again with an opportunity to target Russia with significant sanctions, Trump again ""choked."" China is hit with $50 billion in penalties for theft of intellectual property, but no sanctions for Russia’s attempted theft of our democracy. HTTPURL",,,1,,
956846,"Today, I attended @USER and @USER hearing on #TiananmenSquare’s 30th anniversary. We heard from Chinese activists and experts on how China’s repression has evolved and how Congress can support the people of China HTTPURL",,,,1,
2247081,"When China sells products made with forced labor, like solar panels, it hurts American workers. I worked with @USER and @USER to keep these products out of America. I'll keep fighting to protect workers and uphold human rights. HTTPURL 2:17
HTTPURL",1,,,1,
2837752,"The UN has confirmed that China is perpetrating human rights abuses against the Uyghur people. I’m glad we took bipartisan action last year to hold China accountable for these crimes, and I will work with my colleagues to stand up against these abuses.
HTTPURL",,,,1,
1018144,"#LiuXiaobo devoted his life to fighting for human rights and democracy in China. Although sorrow over his death continues to be felt in China and around the world, we will use this anniversary to recommit to this struggle for our shared vision and values. HTTPURL",,,,1,
2511548,Nancy Pelosi has fought for human rights in China for decades. These sycophants couldn’t be found when Donald Trump told the General Secretary of the Chinese Communist Party that building concentration camps in Xinjiang was “exactly the right thing to do” HTTPURL,,,,1,
1670676,"Trump says “I don’t care what anybody says” when intel agencies disclosed Russia is interfering in our election to hurt Biden. Of course he doesn’t. He has solicited foreign help again and again. From Russia, Ukraine and China. He doesn’t care about our democracy. Only himself.",,,,,
1280242,"Congratulations to Taiwan’s President Tsai on her re-election. This election demonstrates that Taiwan’s democracy is strong and resilient, even amidst difficult times.",,,,1,
2795019,"If anyone has been at the forefront of the fight for human rights in China—it's @USER. The Chinese communist party won't dictate the actions of our leaders, and as one of the highest-ranked elected officials in our nation, I trust Speaker Pelosi to do as she sees fit. HTTPURL",,,,1,
1135853,The brave #HongKongProtesters are fighting for the lives so of course trump remains cowardly silent to appease the Chinese communist party and makes the protests about himself. What a disgrace. HTTPURL,,,,1,
2486843,"RT @USER Meeks, McCaul, Malinowski, Wagner, Bera, Chabot, Castro, Waltz on recent statements made by Olympics officials pertaining to limitations on athletes’ freedom to speak during this year’s games in Beijing: HTTPURL",,,,1,
883745,"We need to 1) demonstrate that western democracies can solve the problems our citizens care most about – health care, education, infrastructure, jobs, and the economy, 2) invest in RandD, 3) innovate ourselves to compete economically with China.",1,,1,,
1671383,RT @USER “We want to take care of our workers...It wasn’t their fault. It was China’s fault.” - Trump 21 million Americans aren’t out of work because of China. They’re out of work because Trump’s White House looked the other way and wished for magic when the coronavirus began spreading.,1,,,,
2133488,"My @USER colleagues and I are calling on the @USER to block polysilicon products made with forced labor in Xinjiang, China from entering America. We must take bold action to uphold our laws, protect American jobs and defend human rights. HTTPURL",1,,,1,
2032431,"RT @USER On March 6, GE-Savant officially moved production of the LED bulbs it makes for Walmart from Ohio to China. But folks in the Buckeye State (including @USER) are continuing to fight for the jobs lost by the decision. HTTPURL",1,,,,
2787713,"From China to India and in Europe, foreign governments are heavily investing in the production of semiconductor chips. The Chips and Science Act—which I helped pass the Senate today—will boost our manufacturing here at home, create jobs, and lower costs for families. HTTPURL",1,,1,,
2462621,My new bipartisan legislation will mend the supply chain and bring American jobs back from China. But Congress can only go so far and our big companies must carry the most weight and come home. HTTPURL,1,,,,
476598,"RT @USER It's easy to lose track of all of the dangerous decisions this administration makes. But today’s ""deal"" w/ ZTE is one of the worst. This Chinese state-run company is a known security threat. @USER is selling out Americans to save Chinese jobs.
HTTPURL",1,,1,,1
2039978,"“I was shouted at and harassed by [business name] cashier, workers, as well as customers at the store to get out of the store. They said, “You Chinese bring the virus here and you dare ask people to keep social distance guidelines.” (Cupertino, CA)",,,,,
2127186,"Washington slept on the job while Beijing moved to write the rules of the road from technology to trade. This bill is a comprehensive, bipartisan response to boost US innovation, competition, and security. But it has to be the start of our work, not the end. HTTPURL",1,,1,,1
3014144,"RT @USER :bullseye: Garamendi: Republicans grab at any straw to try to diminish the extraordinary success of this president. Look at the economy: record job creation, best unemployment since 1969. GOP criticism aims to harm Biden. Nobody talked about 3:China: #SpyBalloons under Trump—who did nothing 3x. HTTPURL",,,,,1
1462303,It is the responsibility of the President of the United States to protect and defend the American people. President Trump should never have counted on the Chinese government to do that. Mr. President – do your job! HTTPURL,,,,,
2514880,"With the help of my legislation in the #AmericaCOMPETESAct, we're finally ending our dangerous dependence on manufacturing from China and putting our workers first. HTTPURL",1,,,,1
837648,"Was interviewed today by @USER on @USER. Discussed Commerce Secretary Ross lying to me about the census citizenship question, the President’s recent veto, my efforts to honor the Chinese railroad workers who helped build the Transcontinental Railroad and other issues. HTTPURL",,,,,
960817,"The damage from Trump’s trade war w/ Mexico will go far beyond Corona and Avocados. Our auto workers will be punished and consumers will see vehicle costs go up &gt;$3,000. American workers and consumers can't afford Trump's two-front trade war with Mexico and China. HTTPURL",,,,,
1073038,"This President’s reckless, isolationist trade policy hurts consumers, workers, and our economy. When the President, without a clear strategy, furthers our trade war with China it leads to an array of negative economic consequences.",,,,,
2603336,"NEW: The Senate just passed essential legislation to create jobs, strengthen domestic manufacturing and boost U.S. competitiveness. There’s never been a more important time to show authoritarian regimes like China that U.S. leadership on the global stage is here to stay.",1,,1,,
1060171,"This administration’s reckless trade war is having a negative impact on job creation in America. We need a smart, sensible trade policy that holds China accountable and doesn’t hurt American workers, consumers, and families. HTTPURL",,,,,
379391,"With Vice Premier Liu He, I had an extensive discussion about how China's trade-distorting measures end up hurting American workers. I've long been skeptical of trade policy – both at home and abroad – that caters to big corporations instead of working families.",1,1,,,
333284,"RT @USER And how can Jared Kushner effectively do his job now? How can he manage his policy portfolio, which includes the Middle East and China, with limited access to US intelligence? I've previously said that he should be terminated, and that seems much clearer today.",,,,,
463810,"China is unfairly dumping cheap steel and aluminum onto global markets, but Trump Admin's decision to impose new tariffs on allies continues pattern of focusing on wrong target for wrong reasons. These actions hurt American businesses, workers, and consumers. HTTPURL",1,1,,,
3006434,China and others are building markets on the African continent and the U.S. is being left behind. This bill will help us build economic ties with African nations and our neighbors in Latin America and the Caribbean to meet the strong demand for American products and create jobs at home. HTTPURL,,,,,
948722,This is the fifth time in a row that the Trump administration has refused to label China a currency manipulator. I hope this does not portend the administration backing off on Huawei or trade. It would be a tragedy for American workers if they did. HTTPURL,1,1,,,
472869,The Trump #ChinaFirst policy strikes again. Cuts a deal with ZTE to save Chinese jobs and gets nothing for our economy or New Jersey. He’s tougher on Canada than he is on Chinese currency manipulation and billions of dollars of intellectual property theft. Makes you wonder why… HTTPURL,,,,,
2524023,"American workers are the foundation of the world's largest and most innovative economy. When given a level playing field, they outcompete the world. Yet non-market economies like China manipulate and rig the rules, breaking trade laws and undermining our workers in the process.",1,1,,,
148875,Too many American auto #jobs have already been lost overseas. @USER’s plan will ship more to China. HTTPURL,1,,,,
452714,"Proud to support your amendment in the Banking Committee, @USER. China’s ZTE violated U.S. sanctions against Iran and North Korea. This Administration is trading our national security for an empty trade deal that will only benefit Chinese workers. HTTPURL",,,,,1
2852996,"Taiwan is a free and open society and a long-term partner for the United States. I am committed strengthening our relationship, advancing mutual trade goals, and promoting innovation and economic growth for our workers and businesses. HTTPURL",,,,,
1072585,China’s resumption of auto tariffs puts thousands of SC auto jobs at risk. The president must end his trade war and work with our allies to address concerns with China responsibly. HTTPURL,,,,,
2208919,"The @USER are quietly planning to close a Minnesota factory they own, lay off American workers and outsource the jobs to China. They were hoping to keep this quiet so we wouldn't object. Let's prove them wrong. Tell the MLB to #StopOutsourcing.",1,,,,
1799339,RT @USER Donald Trump launched a trade war with China to lift US manufacturing and curb factory job outsourcing. Neither happened. With ⁦@USER⁩ HTTPURL,,,,,
3014428,RT @USER For all the John Wayne republicans in Congress talking tough about China today: please point me to your statements condemning donald trump when he sold out Hong Kong to kiss the rear end of China’s dictator or when trump thanked China for covid. HTTPURL,,,,,
2134798,"As our global competitors—including the Chinese government—are making significant investments in research and development, we must act to boost our economic competitiveness. Proud to help pass this bill to ensure Michigan stays at the cutting-edge of manufacturing and innovation. HTTPURL",,,,,
3013420,"The Chinese government’s incursion into our airspace is unacceptable and we need to treat it as such. I’m glad we shot it down now that there’s no risk of civilian casualties, but there need to be consequences for the CCP beyond the postponement of @USER’s trip to Beijing. 1/",,,,,1
1361330,"RT @USER On 28 February, @USER raised the risk assessment for the #COVID19 outbreak to “very high” globally, based on the spread of the new #coronavirus and countries’ capacity to respond.
The risk within #China remained unchanged as ""very high.""",,,,,
1017770,"If you know a WWII Chinese American veteran, please encourage them to apply to receive their medal through the Chinese American Citizens Alliance at HTTPURL",,,,,
2024181,"Next month, the Senate will take up legislation to enable the U.S. to compete with China economically. Here are two bills to do just that
:backhand_index_pointing_right: Innovation Centers Acceleration Act :backhand_index_pointing_right: National Manufacturing Guard Act",,,,,
2028512,.@USER and I are leading a bipartisan effort expressing concern that @USER may modify its assumptions regarding the transmission of COVID via food and food packaging at the urging of the Chinese govt. We must ensure WHO guidance remains supported by fact. Read our letter: HTTPURL These claims undermine confidence in the safety of our nation's food supply. @USER and I led a letter calling for an investigation: HTTPURL,,,,,
1331689,"I’m glad the DOJ has moved to formally indict the Chinese intelligence officers associated with the hack of Equifax. For years, the Chinese government has targeted western commercial firms. HTTPURL",,,,,1
1948140,"RT @USER NEW: The @USER team investigating the origins of COVID-19 in China gave an update overnight. The team says it's unlikely that the coronavirus leaked from a Chinese lab. A closer look at what they call the ""likely"" pathways in the video below. #KOMONews HTTPURL",,,,,
2736648,"This morning, it was a great honor to join leaders from Tibet and around the world for the 8th World Parliamentarians’ Convention on Tibet, reaffirming the United States’ commitment to the Tibetan people. HTTPURL",,,,1,
2530875,"RT @USER Writer #EhtemOmer was given a 20 year sentence for sending money to his nephew in #Egypt, as #Uyghurs and others with family living outside China were often targeted for detention. Local authorities burned his books because they contained “separatist content.” #OlympicPrisoner HTTPURL",,,,,
1575518,"Watching this developing story with concern. The loss of life, including as many as 20 Indian soldiers, is tragic. I urge both China and India to exercise restraint and find ways to deescalate the situation. HTTPURL",,,,,
1141883,Was a profound honor today to speak to the Chinese Consolidated Benevolent Association at a reception on the 108th anniversary of the founding of the Republic of China. HTTPURL,,,,,
2566912,"Total BS. Communist China knows exactly what they're doing by playing footsie with Russia as they continue their all-out invasion of Ukraine. We're making a big mistake if we don't recognize that and hold them accountable for it. HTTPURL
HTTPURL",,,,,1
3064501,"I asked @USER to cut through the lie that we cannot extend the solvency of Medicare by decades closing tax loopholes exploited by the wealthiest few, and the Global Minimum Tax agreement on multinational profits somehow helps China. I wish more folks could hear her answer: HTTPURL",,,,,
2510065,"TW: mental health and suicide. To prevent suicide, it cannot be a taboo topic. We need to be able to talk about it, and we need to take federal action to address our nation’s youth mental health crisis. HTTPURL",,,,,
1968952,"To compete with China from a position of strength, we must work in lock step with our democratic allies and partners across the world. More in @USER: HTTPURL",,,,,
1075997,RT @USER Chairs ask whether #WorldBank funding possible 'crimes against humanity' in #Xinjiang #Uyghur Autonomous Region. HTTPURL,,,,1,
1799795,"RT @USER Glasses on- it’s time to get down to business. TODAY @ 5pm EST I am talking w/ @USER via Livestream about #WhatsAtStake for America’s health care and fighting the SCOTUS nomination process from the Republicans. You can watch us on @USER FB, TW, or Youtube. HTTPURL",,,,,
2666653,"RT @USER No mother should be separated from her child on Mother’s Day because of China’s genocide. Yet Ziba Murat is again spending the day w/out her mother, Dr. Gulshan Abbas, one of countless Uyghur mothers abducted by the CCP. Her release, and that of all Uyghurs, is long overdue. HTTPURL",,,,1,
1858286,"Fluent in Mandarin and experienced in China enforcement, she will be ready on day one to address our many challenges with China. And, as the first woman of color and the first Asian American, her appointment as Ambassador is historic.",,,,,
527477,The European Union helps extend American political and economic influence around the world. These countries are democracies that share our values and share common interests when it comes to Russia and China.,,,,,
1332543,It is disappointing that despite a lot of rhetoric President Trump’s recent agreement with China does nothing to address this specific issue.,,,,,
2603294,The Senate just passed a bipartisan bill to reinvigorate the American innovation and manufacturing that made us a global powerhouse. We can’t let China eclipse the U.S. as the world’s economic engine.,1,,1,,
3095105,"Congressman Kim joined @USER @USER to talk about his goals on the China Select Committee, aims for the @USER, and how bipartisanship can help us confront our biggest challenges.
HTTPURL",,,,,
2391367,"RT @USER Our infrastructure used to be rated the best in the world. Now, we rank 13th. We’re about to turn things around. Because of the Bipartisan Infrastructure Deal, next year will be the first year in 20 years where America’s infrastructure investments will grow faster than China.",,,,,
2038177,"Today I joined hundreds of people in Tacoma who showed up to stand in solidarity with the AAPI community and to stand up against anti-Asian hate. Many thanks to all who attended and to the YWCA, APCC, and the Chinese Reconciliation Project Foundation for hosting such a powerful event HTTPURL",,,,,
1991482,"This is about half a mile from the Capitol. Armed camp. It still stuns me that the lethal danger here is not ISIS, or the Chinese or the North Koreans. It’s fellow Americans dedicated to an obvious lie promoted by an authoritarian. HTTPURL",,,,,
1396337,Attacking the press and stifling accurate coverage of the Chinese Communist Party’s failings while the world is distracted by a pandemic is a deeply cynical move and shows you exactly what kind of regime President Xi is running. HTTPURL,,,,1,
1836479,Apple has too much power. It's shameful that Apple would abuse that power by interfering in a bill to help stop forced labor in China. The Senate should resist pressure by giant companies to water it down. HTTPURL,,,,1,
3157857,"As the @USER prepares for the 76th World Health Assembly, @USER should extend an invitation to Taiwan, which contributed so much during the pandemic. Public health crises do not recognize int’l borders and we must broaden the global health security network. #LetTaiwanHelp",,,,,
2798747,"As co-chairs of the Congressional Taiwan Caucus, we commend @USER on her trip to Taiwan, where she reaffirmed America’s support for Taiwan’s sovereignty and democracy against the backdrop of increasingly aggressive threats and behavior from China. Our full statement: HTTPURL",,,,,
585866,"The #tradewar w/ China is impacting ND. @USER reports that there have been no bids for soybeans ND farmers normally export to China, which will directly impact their livelihoods. Story says 75% of soybeans from ND are shipped out of the Pacific Northwest and delivered to China. HTTPURL",,,,,
2190446,"The Chinese government is committing horrific human rights abuses against Uyghurs — we must hold them accountable. This bipartisan bill is a critical step toward doing that by ensuring that products made with forced labor do not end up in American stores.
HTTPURL",,,,1,
2062225,"RT @USER President Biden puts his stamp on foreign policy: he’s ending America’s 20-year war in Afghanistan, imposing new sanctions on Russia, and promising to stand up to China. House Foreign Affairs member @USER will join me to discuss at 8aE Sunday on @USER HTTPURL",,,,,
18206,"Trump must present a comprehensive plan - using sanctions, diplomacy and credible military capability to deter North Korea and engage China.",,,,,
3191095,"The Intel Committee just unanimously passed the Intelligence Authorization Act. This is a strong, bipartisan bill that addresses many of our most pressing priorities – from our economic competition with China to reforming the security classification system.",,,,,
2024730,"My Innovation Centers Acceleration Act with @USER will reimagine how we invest in economic development and innovation in American cities. This is the kind of forward-thinking we need to help us compete with countries like China on the world stage. HTTPURL
:backhand_index_pointing_right: Innovation Centers Acceleration Act :backhand_index_pointing_right: National Manufacturing Guard Act",,,,,
1847252,The US and global community must condemn the sentencing of these brave activists for simply exercising their rights. We must #StandwithHongKong against China’s increasingly brazen campaign threatening the sovereignty of Hong Kong and its democratic freedoms. HTTPURL,,,,1,
2606074,RT @USER The @USER says we need at least 355 battle force ships to counter future threats from China and Russia. @USER’s budget takes a step backward – decommissioning 24 while building just 8 new ones. This puts us on track to a SMALLER Navy fleet over the next 5 years. Illogical. HTTPURL,,,,,
476646,RT @USER This week started with @USER boosting a Chinese company identified as a national security threat to the U.S. It ended with him standing up for Russia and alienating our allies at the G7. #MAGA,,,,,1
2306328,"The #FY22NDAA also strengthens our abilities to confront growing threats facing our nation at home and abroad: improving deterrence against cyberattacks, addressing strategic challenges posed by China, combatting climate change, and reinvigorating our global alliances.",,,,,1
424436,"RT @USER Yesterday, while China announced they were no longer buying soybeans from the U.S. due to Trump’s reckless trade war, I was literally planting soybeans with our Illinois farmers that depend on foreign markets. HTTPURL",,,,,
2732334,"We need to stop relying on China for the rare earth minerals used in our defense systems. It’s a serious national security risk. I have legislation to fix this by strengthening our supply chain of rare earths here in the U.S.
HTTPURL",,,,,
622322,"As our farmers receive checks from @USER to compensate them for a disastrous trade war with China, America's fishermen are still left behind. Hoping Congress will move my bill to provide them with the funding they need to keep afloat. HTTPURL",,,,,
2807400,"@USER @USER @USER @USER @USER In order to compete with China, we need to nation build here at home. Today, @USER signed the #CHIPSandScience Act, which will help power the next wave of tech and tech workers. Next: @USER needs to award @USER funding for green and tech jobs in Buffalo and WNY.",,,,,
1074093,"Trump’s reckless trade war w/ China is hurting businesses, farmers, and workers in the San Fernando Valley and across America. He might not realize this or he simply doesn't care, but his irresponsible trade policies are squeezing American manufacturers. HTTPURL",,,,,
2496129,"A threat to democracy anywhere in the world, is a threat to democracy here at home. It's not just Russia — it's China and others who are hell-bent on stifling the will of the people. We must stand firm. HTTPURL",,,,1,
3176100,"Tragically, the CCP has only accelerated its campaign of atrocities: jailing dissidents who dare to speak out, committing genocide against the Uyghur community, intimidating the people of Tibet, undermining democratic freedoms in Hong Kong, threatening Democracy in Taiwan and more.",,,,1,
1250146,"RT @USER The misconduct continues: Just two months ago, Trump on the White House lawn requested China and Ukraine investigate the Bidens. Just this week, Rudy Giuliani went to the White House to brief Trump after his trip to Ukraine. This is an ongoing threat to our democracy. HTTPURL",,,,,
2803228,"The U.S. stands firm in its support of Taiwan. The People’s Republic of China must cease all military action, including reported missile launches that have crossed over the island and contributed to the continuing threat against Taiwan’s territorial sovereignty and freedom.",,,,,1
1275313,"Moving forward, the @USER has many recommendations to better promote human rights in China, Hong Kong, Xinjiang, and Tibet. I will continue to work to advance these initiatives in the new year.",,,,1,
2328681,The United States must support and defend the people of Taiwan in the face of Chinese military aggression. We cannot allow Beijing to dominate the region through intimidation. HTTPURL,,,,,1
2205713,"Now confirmed: MLB-owned baseball gear producer is closing Minnesota facility, moving manufacturing jobs to China. I’m not going to let them quietly move forward with this. They need to keep those jobs in Minnesota.",1,,,,
521581,"Today I met w/ the ND Soybean Growers Association and discussed the impact of the administration’s trade war on ND farmers. Soybeans are a bright spot for ND farmers, but the value their crop this year and beyond is at risk because of the trade war w/ China—their largest customer. HTTPURL",,,,,
1169395,"Trump’s trade war with China is not working for #MadeinWI manufacturing. It has caused chaos, uncertainty and layoffs. Wisconsin needs @USER to deliver results. HTTPURL",,,,,
3015729,Thank you @USER for an important conversation on protecting our digital national security. Countries like China and Russia continue to pose a threat to our cybersecurity. We must protect ourselves by increasing our focus on cybersecurity and the workforce dedicated to it. HTTPURL,,,,,1
2376710,"Today, I’m joining a bipartisan bill to work with Taiwan to monitor health threats and prevent future pandemics. We can’t allow the Chinese government to exclude Taiwan from these global efforts. HTTPURL",,,,,
3045915,"NEWS: the #CHIPSAct that I helped pass into law is officially in motion! Starting now, companies can request funding for microchip production here at home—a big step towards strengthening American manufacturing, outcompeting China, and creating 10s of 1000s of jobs for US workers. HTTPURL",1,,1,,
3081102,The Chinese government’s public statement refusing to allow #TikTok to be sold proves the point. It is a tool used by a foreign adversary to violate Americans’ privacy and to undermine our national security. HTTPURL,,,1,,1
2790184,RT @USER Just now 89% of House republicans voted against bringing American jobs and technology home. Republicans: empowering the Chinese communist party to own the libs. HTTPURL,,,,,
2758217,"Thrilled to join @USER and our partners in government to announce @USER's historic expansion in Fairport! This investment will create hundreds of new jobs, grow our high-tech economy, and strengthen our competitiveness with countries like China. #FLXFWD HTTPURL",,,,,
2574991,We cannot let China eclipse American leadership in emerging technologies like AI and quantum. We need a national strategy to invest in key technologies and work with allies to protect critical supply chains and advance global tech standards that reflect our values.,,,1,,
1138432,"I have cosponsored legislation to prohibit the sale of technologies that could be used to facilitate human rights abuses against the Uyghur people. We cannot stay silent in the face of persecution. ""Injustice anywhere is a threat to justice everywhere.""
HTTPURL",,,1,1,
2668338,"A big lesson of the pandemic and the Ukraine war is that we cannot afford to be as dependent as we have been on countries like China, that are adversaries of the U.S., or places that are just unstable, for the critical technologies that we need to power our economy. -TM HTTPURL",,,1,,
472869,The Trump #ChinaFirst policy strikes again. Cuts a deal with ZTE to save Chinese jobs and gets nothing for our economy or New Jersey. He’s tougher on Canada than he is on Chinese currency manipulation and billions of dollars of intellectual property theft. Makes you wonder why… HTTPURL,1,1,1,,
2555285,"RT @USER We need to level the playing field with China and other competitors. That’s why it’s so important to pass the Bipartisan Innovation Act. It will make record investments in emerging technologies, American manufacturing, and innovation. Send it to my desk. I’ll sign it.",1,1,1,,
447466,China has stolen trillions in U.S. intellectual property and trade secrets with cyberattacks and hacking. Trump wants to hand them the master key to take what’s left. @USER and I are trying to make sure we know all about his corrupt quid pro quos: HTTPURL,,1,1,,
1222140,More hypocrisy from President Trump: Trump administration officials including most recently Secretary Pompeo have been saying that Chinese tech giants building 5G networks are a security threat. But President Trump and @USER are actively taking steps to help Huawei. HTTPURL,,,,,
2863447,"Huawei and ZTE have served as vehicles for the Chinese Communist Party to commit human rights violations against the Uyghur people, conduct mass surveillance, and spread that technology to other authoritarian regimes. My bill confronts this threat and increases national security. HTTPURL",,,1,1,1
1237632,"These photos are a visceral warning of what can happen when we allow the growth of an AI-driven surveillance state. We must take China to task for its use of repressive technologies and its dismal human rights record against the the #HongKongProtesters, #Tibetans, and #Uighurs. HTTPURL",,,1,1,
1354351,"The Chinese economy has grown an average of 7% a year over the past 20 years, while the U.S. economy has only grown by 2.5%. This administration lacks a cohesive strategy to compete. We need to make investments in tech and infrastructure to promote growth HTTPURL",,,,,
2234655,"China is investing billions in the production of EVs and clean-energy technologies. We must move quickly or get left behind. The budget will ensure that the U.S will not only compete, but lead the world’s race toward a clean energy future and bring jobs home! HTTPURL",1,,1,,
2690248,"However, between 2009 and 2019, @USER rejected 130 out of Taiwan’s 187 applications to take part in technical meetings. Since President Tsai was elected in 2016, China has succeeded in pressuring WHO to limit Taiwan’s participation in the World Health Assembly. 2/3",,,,,
600103,"Recently, I returned from a bipartisan congressional delegation to Asia. We traveled to Japan, Hong Kong, China, and South Korea to discuss intellectual property protections and market access for American businesses and the importance of denuclearizing North Korea. HTTPURL",,1,1,,
2128597,RT @USER New episode of @USER talks with @USER about the giant new spending bill that's designed to help the U.S. compete with China on tech. Listen: HTTPURL,,,1,,
2493258,"My bipartisan bill will strengthen America’s position as a global leader in technology by reducing our reliance on adversaries like China.
HTTPURL",,,1,,
2689285,"However, between 2009 and 2019, @USER rejected 130 out of Taiwan’s 187 applications to take part in technical meetings. Since President Tsai was elected in 2016, China has succeeded in pressuring WHO to limit Taiwan’s participation in the World Health Assembly. 2/3",,,,,
865786,"This is a philosophical disagreement over the strategic threats to our country. Me? I think China is our strategic competition, a country that has not been in a war since 1979 and has instead invested in technology and education within its own borders with tremendous success. HTTPURL",,,,,
1627020,Breaking Huawei's grip on U.S. #5G networks is smart for national security AND our economy. Relying on companies that are beholden to the Chinese government exposes us to espionage and data theft. We can better protect ourselves by fostering innovation and supporting U.S. tech firms. HTTPURL,,,1,,1
521116,"RT @USER #US private sector is ahead of #China in developing #AI but ""we have to put them in a position where they play by the rules"" says @USER #politicotech",,,1,,
1265653,"I’m glad the Army is taking the potential national security risks posed by TikTok seriously. China-owned technology companies’ collection and handling of user data, location-related data, and other sensitive personal information should concern us all. HTTPURL",,,1,,1
1137024,"Earlier this year, I had written to urge the Trump administration to put strict export controls on Chinese surveillance technologies that could be used to oppress minority communities like the Uyghurs. Glad to see that they've taken some action. HTTPURL",,,1,1,
2074227,I applaud @USER raising the issue of Chinese intellectual property theft - I’ve worked to address this issue on the House Armed Services Committee and am proud to stand with the President against Chinese threats to national security and critical infrastructure. #JointAddress,,,1,,1
472392,"This is serious. Americans deserve to know that their private data and our national security are not being compromised through partnerships with Chinese tech companies.
HTTPURL",,,1,,1
2010155,"RT @USER .@USER on need for West to join forces on tech to take on China: ""This is the defining economic issue of our time."" HTTPURL Sticking point: Democracies are still squabbling among themselves. ""The ability to execute is a fully valid question,"" he told me.",,,1,,
931974,"RT @USER HAPPENING NOW: The Committee’s open hearing on the rise of China's Digital Authoritarianism. Examining China's use of invasive surveillance measures, powered by advanced technologies, to eliminate dissent and optimize political control. :video_camera: WATCH: HTTPURL",,,1,1,
931252,"RT @USER HAPPENING NOW: The Committee’s open hearing on the rise of China's Digital Authoritarianism. Examining China's use of invasive surveillance measures, powered by advanced technologies, to eliminate dissent and optimize political control. :video_camera: WATCH: HTTPURL",,,1,1,
3033846,It’s an honor to address the prestigious McCain Award Dinner at the Munich Security Conference where I’m speaking on the need for a strong European alliance to beat Putin and for the democratic international order to out-compete China including in new technologies like AI. HTTPURL,,,1,,
758708,The U.S. needs a strategy to protect our critical infrastructure and new technologies from China – that’s why I’m proud to support a bipartisan effort to secure our supply chains and prevent technology theft that hurts U.S. businesses and national security. HTTPURL,,,1,,
1059410,"I remember #BackToSchool shopping well. The kids were always excited, but it was expensive! Today, the average cost is $685 per child and is likely to increase because of new #tariffs on China. Working families SHOULDN'T be hurt by our trade policy. HTTPURL",,,,,
627628,"RT @USER China cancelling annual bi-lateral security talks with the U.S. is yet another indication that this trade war is going to get worse before it gets better, and right now nobody is winning. HTTPURL",,,,,
1271772,"Another day, another Trump lie exposed. The American people are bearing the cost of tariffs, not China. HTTPURL",,,,,
1286803,Trump’s trade war with China has hurt workers and pushed too many Alabama farmers to the brink of bankruptcy. The jury is still out on whether the Admin can enforce this new deal. The only thing that is certain is that Trump's reckless trade war continues. HTTPURL,,,,,
606836,"This #tradewar has left ND farmers without any soybean orders from China, which is usually the largest market for ND soybeans. @USER and @USER are offering resources to help ND farmers prepare for long-term product storage to survive this disruption. HTTPURL",,,,,
486873,".@USER’s actions on China are on the money. China is our real trade enemy, and their theft of intellectual property and their refusal to let our companies compete fairly threatens millions of future US jobs. HTTPURL",1,1,1,,
926146,"Thank you to @USER and @USER for a great discussion on the future of U.S. policy toward China and East Asia. As China continues to grow, it’s important that we re-examine our relationship to ensure it continues to benefit the American and Chinese people, the region, and the world. HTTPURL",,,,,
1744172,"I'm proud to support a bipartisan bill that would crack down on imports made using forced labor in Xinjiang, China. We can support American businesses and uphold our values by rejecting the Chinese government's violent exploitation of the #Uyghur people. HTTPURL",,,,1,
960106,"Wondering what an arms race in the Middle East looks like? Curious why the JCPOA was so important? China, our greatest strategic competitor, is helping Saudi advance its ballistic missiles program. The US must prevent an arms race in the Middle East and be clear-eyed about MBS. HTTPURL",,,,,1
920103,and the failed China trade policy is causing job losses in my congressional district. We need presidential leadership. Patriots need to speak up!,,,,,
1085754,"RT @USER @USER @USER The saga continues: DeLauro calls Sasse ""dishonest"" for conflating NAFTA negotiations w/ China tariffs, saying the latter is what's hurting farmers. Says Sasse ""should know better than to blur the lines between these two important matters while trying to score partisan points.” HTTPURL",,,,,
3025206,"RT @USER Thank you to all thought leaders who participated in our “Meeting the Challenges of a New World Disorder” roundtable this week. We discussed how managing China, new trade and climate agreements will position America to lead. @USER @USER @USER HTTPURL",,,,,
1601496,I'm demanding answers from Peter Navarro about John Bolton's allegation that Donald Trump bargained away trade concessions in exchange for political favors from China. The American people deserve to know if Trump is using his office for his own political gain *again*. HTTPURL,,,,,
345980,"In an effort to address this issue, the President today imposed a 25 percent #tariff on steel and a ten percent #tariff on aluminum. These tariffs target close allies like South Korea and fail to adequately address the core issue of Chinese overcapacity in steel and aluminum.",,,,,
2692260,"The Trump tariffs contribute to inflation, harm U.S. families and companies, and haven’t stopped the CCP from violating trade rules. The Biden administration should repeal or reduce these tariffs. Keeping a failed policy in place isn’t tough on China; it’s bad for America. HTTPURL",,,,,
347049,"We must go after China and other trade cheaters, with our allies, the only way they’ll understand –head on. Workers across Pennsylvania know what unfair trade has brought —job losses and stagnant wages.",1,1,,,
1578614,"If Bolton’s Trump-China revelations are accurate, this was another extraordinary abuse of American foreign and national security policy. It undercut our strategic interests.
It undermined our allies.
It harmed U.S. taxpayer who had to pay for Trump’s poorly targeted trade policy.",,,,,
2324544,".@USER is right. Electric vehicles made by union workers are the future. Let’s make sure American workers make these vehicles, not China. I like my cars #MadeinMichigan, and that’s why the Biden-Kildee-@USER EV tax credit in the #BuildBackBetter budget is so important. HTTPURL",1,,,,
369232,Informative interview with Rufus Yerxa of @USER on @USER this morning on China tariffs. Listen for it.,,,,,
659348,"Make no mistake, our Nation's skyrocketing trade deficit with #China has reached a tipping point. #Congress and the @USER must act now to stabilize the growing trade deficit with China once and for all, or risk further damage to our communities and economy.HTTPURL",,1,,,
352868,@USER @USER I just find it incredible to hear anyone praise China as a leader in opening markets and free trade. Thanks for posting this chart,,1,,,
2185503,"RT @USER Human rights abuses by China against the Uyghurs must end, and I’m glad to see the @USER take action. It's why I am a cosponsor of @USER's bipartisan bill that will stand up to these abuses and crack down on imports from the Xinjiang region. HTTPURL",,,,1,
2049436,"Productive call with #Vietnam Ambassador Ha Kim Ngoc on important issues for :United_States: -:Vietnam: comprehensive partnership, including the situation in #Myanmar, South China Sea, combatting #COVID19, and efforts to #StopAsianHate. HTTPURL",,,,,
2864006,"RT @USER NEWS: The Senate ratified the Kigali Amendment to the Montreal Protocol. Watch @USER Chair @USER explain why this is so important: “There are few things that we do in the Senate than can improve our economy, create jobs, and meet the challenge of China.” HTTPURL",,,,,
857117,RT @USER .@USER and @USER sent a letter to the U.S. Trade Rep and Secretaries of the Treasury and Commerce urging them to support shipyards and the domestic fleet in the China trade deal. Thank you for supporting the American maritime industry! HTTPURL,,,,,
2781375,"It's important that the Chips Act for America provide funding for rural telecommunications providers to replace Chinese network equipment that could place our national security at risk. Today, I urged Congressional leaders to make this funding a priority. :right_arrow_curving_down: HTTPURL",,,,,1
506474,"I hear from farmers and ranchers in ND almost every day—they have no interest in being collateral damage in a trade war. 60% of North Dakota’s exports to China are agricultural products, w/ 71% of ND soybeans exported to Asia, primarily to China. HTTPURL",,,,,
1217759,"This Thanksgiving, let’s remember something that should never be on the table: the well-being of our cranberry farmers. @USER, @USER, @USER and I urge the Trump admin to show thanks for these farmers and this industry and provide relief from Chinese tariffs. HTTPURL",,,,,
841513,"This is madness. I cannot stress enough how much this policy hurts our farmers. Ag producers cannot afford this trade war to continue for a “substantial period of time.” HTTPURL “We’re talking about leaving them,” he told me. “For a substantial period of time. Because we have to make sure that if we do the deal with China that China lives by the deal.“ HTTPURL",,,,,
183997,"I have been critical of administrations of both parties, including the Obama Administration, for failing to protect our workers and take on China’s trade cheating.",1,1,,,
1602892,RT @USER My heart aches for the people of Hong Kong. Any semblance of freedom and autonomy has vanished; the repressive antics of the CCP are on full display. The U.S. must work with our allies to confront China’s growing aggression. HTTPURL,,,,1,
1780392,"Communist China is vying for @USER Council - ironic considering that they've violated the human rights of people around the world just this year by mishandling COVID-19, forcing Uyghurs to forced labor camps, and instituting draconian “national security” laws in Hong Kong.",,,,1,
467153,"I'm proud to intro this bill, which would require the US government to name the names of those in the Chinese Communist Party who are wrongfully imprisoning men and women like Liu Xiaobo and Liu Xia, and to sanction them for their human rights abuses. --&gt; HTTPURL",,,,1,
2509907,"RT @USER The 2022 Winter Olympics in Beijing will be the first to take place in a country that is conducting an ongoing genocide. These games are a threat to American values, human rights, and the spirit of the Olympics. Read the letter House Republicans sent to America's Olympic athletes: HTTPURL",,,,1,
2348793,The IOC arbitrarily decides when it wants to stand up for human rights – they have chosen to stay silent in the face of Communist China’s gross genocide. It's nothing but indefensible cowardice. HTTPURL,,,,1,
764592,"No government attacks human rights more consistently, comprehensively and systematically than the government of #China. Just imagine if global norms become the ones shaped by them! HTTPURL",,,,1,
1345280,"Whether it’s violence against #HongKong protestors, silencing the @USER and US companies, and now expelling @USER journalists, the Chinese Communist Party fears nothing more than free speech and transparency.
HTTPURL",,,,1,
2934082,"The Chinese people are tired of the tyrannical CCP, and are pushing back against their draconian Covid measures. Why are companies like Apple, who rely heavily on cheap Chinese labor, silent on the protests?",,,,1,
1215976,Congratulations to all the first-time District Council candidates in #HongKong who won on Sunday’s election. The results speak for themselves: the people of Hong Kong want a voice in their future. The city's next generation of democracy should inspire us all to be engaged. HTTPURL,,,,1,
2712750,"Incredible meeting former #NBA player and inspiring defender of human rights @USER! His fight against human trafficking in China—despite the hypocritical NBA's attempts to silence him—is inspiring. Keep up the good work, Enes! HTTPURL",,,,1,
1857970,Chilling. The Chinese Communist Party is seeking to automate its detention and oppression of #Uyghur and other minorities using @USER. The U.S. is right to sanction China for human rights abuses and lead global efforts to divest Huwaei tech. HTTPURL,,,1,1,
2511462,"RT @USER Speaker Pelosi called the Chinese government ""ruthless"" and warned our athletes not to risk thinking it has ""any good intentions."" So why are she and fellow Democrats touting a bill that ignores the CCP's ongoing human rights abuses?
HTTPURL",,,,1,
1344712,Communist China’s attempts to hide their atrocities against the Uyghurs is failing. We MUST continue to shine a spotlight on the human rights violations by President Xi and the Chinese Communist Party. HTTPURL,,,,1,
1500022,America’s military shouldn’t have their retirement funds paying for #China’s mass surveillance and human rights abuses. We cannot allow ANY of these funds to be funneled to the #CCP. We have to put a stop to this practice immediately! HTTPURL,,,,1,
1093269,RT @USER Kevin McCarthy: America must solemnly promise to stand with the people of Hong Kong in their struggle for freedom HTTPURL,,,,1,
1443343,"The @UN has willfully turned a blind eye to the human rights abuses committed by Communist China, including its persecution of ethnic minorities. I'm urging UN Secretary-General António Guterres to suspend China’s appointment to the @USER Council immediately. HTTPURL",,,,1,
3157882,"Taiwan is a strong ally of the United States and beacon of democracy in the East, it is high time they joined us in the World Health Organization #LetTaiwanHelp",,,,,
2147469,China arrests the editor and ceo of the pro democracy newspaper Apple daily in Hong Kong When is China ever going to start respecting law? they won’t even respect the bilateral treaty they had w Britain in 1987 to turn Hong Kong back to China,,,,1,
2601518,"RT @USER .@USER and I penned an op-ed detailing the instruments of American economic power we can use to deter another authoritarian, Xi Jinping in China, from militarily invading the global fulcrum between democracy and dictatorship—#Taiwan. Read here :backhand_index_pointing_down: HTTPURL Rep. Gallagher and @USER outline lessons we should learn from these mistakes to ensure deterrence doesn't fail again in Taiwan. HTTPURL",,,,1,
2514903,"The CCP should not have been allowed to host the Olympics. Historically, aggressive regimes with a record of human rights abuse have always been emboldened after hosting the Olympics. China will be no different. HTTPURL",,,,1,
1052798,"This is an important day in the fight for freedom for #Venezuela. This embargo, which I’ve long advocated for, will cut off the flow of money to the murderous @USER Regime. Now China, Russia and Cuba will know that the US will not tolerate genocide. HTTPURL",,,,1,
2635218,"Six U.S. lawmakers met with Taiwan’s leader on Friday in a show of support for the island democracy, in a surprise trip that signals more tension between Washington and Beijing HTTPURL",,,,1,
2934313,"From the White House podium, we were told that President Biden would not speak for pro-democracy protestors in China. House Republicans will. We stand with the brave Chinese citizens speaking out against the CCP's brutal dictatorship and sickening crackdown on human rights.",,,,1,
2425247,A diplomatic boycott of the Beijing Olympics will shine a light on the CCP’s grave human rights abuses and genocide of Uyghurs without penalizing American athletes. I can’t wait for our National Anthem to be played in China loud and clear for the Chinese Communist Party to hear. HTTPURL,,,,1,
2412053,"The Chinese Communist Party has demonstrated the threat they pose, and they’re not going to stop. We must stand with those fighting for democracy.
HTTPURL",,,,1,
1627591,"Unfortunately, billions around the world still long for basic freedoms, as bad actors like Russia, Iran and China suppress fundamental human rights on a daily basis.",,,,1,
3116648,"Remember when Democrats and liberal press claimed Lula was an ally for “democracy”? They should remember that Lula is out for himself and Brazil, even if it means bowing down to China’s genocidal regime and hosting the FM of a nation leading an unjustified war against Ukraine.",,,,1,
1070831,"I agree, @USER. The @USER Administration’s sale of the F-16 to Taiwan promotes peace and stability in an increasingly chaotic region, as China continues to fuel fear and repress democracy. HTTPURL",,,,,1
2135636,"China :China: is responsible for COVID and appalling human rights violations, but @USER thinks it’s just fine to outsource America’s energy jobs to our Communist adversary. And he’s doing it in a Cabinet-level position without Senate confirmation. HTTPURL",1,,,1,
1604355,"RT @USER JUST INTRODUCED: The Hong Kong Safe Harbor Act would: :check_mark_button: Facilitate the resettlement of Hong Kong refugees
:check_mark_button: Exempt refugees from numeric limitations :check_mark_button: Streamline the refugee process for protest frontliners HTTPURL",,,,1,
1756836,"Before the pandemic @USER built the greatest economy in history. :right_arrow_curving_down: @USER's #CommitmentToAmerica will rebuild the economy by bringing jobs back from China, supporting small businesses, and keeping taxes low. HTTPURL",1,,,,
1290926,"2 major things signed this week. 2 very different stories. On one side: Trump signing a phase 1 trade deal with China to deliver for American farmers, workers, manufacturers, and more. On the other: the Democrats’ impeachment sham, going nowhere. The difference is striking.",,,,,
3050659,They gave away American jobs and industries claiming capitalism would change China But instead China changed capitalism Full speech: HTTPURL HTTPURL,1,,,,
2745843,"Exciting news for our state – today @USER announced plans to create its first Midwest semiconductor chip design center in partnership with @USER. This center will create jobs, drive collaboration, and deepen ties between Taiwan and Indiana. HTTPURL",,,,,
2515584,"RT @USER “We've got to do a better job with holding China accountable,” Congresswoman @USER (R-SC) joins to discuss why the U.S. must do more than issue a diplomatic boycott of the 2022 Olympics to denounce China’s aggression and wrongdoings.
HTTPURL",,,,1,
791876,"#China is growing because they’re cheating and stealing our secrets. That hurts American families, businesses and workers. Thank you @USER for having me on @USER to talk about the threat #China poses to our economy and national security. Watch here --&gt; HTTPURL",1,,,,1
1831190,"The Cybersecurity and Infrastructure Security Agency led by Chris Krebs and @USER did an outstanding job defending the 2018 and 2020 elections from multiple attempts at election interference by Russia, China and Iran. America is grateful to @USER for his outstanding service!",,,,,1
1659139,"RT @USER Pelosi and Schumer blocked desperately needed unemployment payments, which is so terrible, especially since they fully understand that it was not the workers fault that they are unemployed, it’s the fault of China!",1,,,,
858703,"Stopped by a #TX22 job creator, Alings Chinese Cuisine in Sugar Land today. Thanks for being a driver of our local economy! HTTPURL",,,,,
2092883,.@USER tax hikes would: :cross_mark: Eliminate 1 million jobs :cross_mark: Send jobs overseas :cross_mark: Make the corporate tax rate higher than China’s #TaxDay,,,,,
1523595,"After my request, Taiwan is giving 30,000 masks to Montana for our health care workers and first responders on the front lines fighting this pandemic. I’m glad to have secured this shipment for Montana.",,,,,
2893298,"Inspiring courage by some Chinese citizens speaking truth to power in the heart of Beijing. They will undoubtedly be punished by the authorities but I pray their acts will encourage more Chinese citizens to fight for a better future than the one imposed on them by the CCP. HTTPURL
The protest banner on the left reads: Food not Covid tests, Reform not Cultural Revolution,
Freedom not lockdown, Votes not leaders,
Dignity not lies,
Citizens not minions. On the right: Students, workers, strike. Depose the despotic traitor Xi Jinping. HTTPURL",,,,1,
1759005,The #ChinaTaskForce is taking a comprehensive approach to end America’s reliance on China and bring jobs home to America. We have realistic solutions to secure our medical supply chain and ensure that Americans are never beholden to the #CCP for medicines and health care supplies. HTTPURL,1,,,,
1473217,RT @USER The Chinese Communist Party’s deception has directly led to American deaths. The Democrat Party’s delay is directly leading to people losing their jobs. Both are outrageous.,,,,,
2143268,The President’s economic policies are benefiting the Chinese Communist Party while disadvantaging American workers. #IA01 Watch: HTTPURL,1,,,,
2044317,"RT @USER President Biden's $2 trillion tax will not... :cross_mark: Rebuild our infrastructure
:cross_mark: Revamp our economy It will... :check_mark_button: Reduce our wages and jobs
:check_mark_button: Increase our utility bills
:check_mark_button: Drive our businesses overseas
:check_mark_button: Raise our corporate tax rate beyond Communist China's",,,,,
1248594,"By standing up for America and negotiating from strength, the Administration is securing trade deals for the 21st century:
:right_arrow: Deal to approve USMCA
:right_arrow: Securing Phase One of China Trade Deal
:right_arrow: Advancing U.S.-Japan trade relationship
:right_arrow: Renewed U.S. poultry export access to China HTTPURL :dollar_banknote: stimulating the economy
:thumbs_up: providing new jobs :right_arrow: opening the door to new trade opportunities",,,,,
1747056,":police_car_light: :police_car_light: :police_car_light: The pro-China policies Joe Biden helped put in place caused a LOSS of American jobs... According to a study conducted by researchers at Columbia University and Boston College:
HTTPURL",1,,,,
3129667,"Pres. Biden's decision to let CCP-owned solar manufacturers bypass U.S. tariffs was a blow to American workers and our economy. @USER is stepping up to hold China accountable with H.J. Res. 39. HTTPURL H.J. Res. 39 ends that free pass. @USER won't allow China to avoid our trade laws, cheat American workers, and dump inferior products in our markets. HTTPURL",1,1,,,
741425,I am proud to join Senator Rubio to advance The Denying Chinese Investors Access to U.S. Small Business Aid once again to encourage job growth and support WNY small businesses. Read More here: HTTPURL,1,,,,
2416453,"The Bipartisan Infrastructure Bill is a long overdue investment in American infrastructure, American jobs and American competitiveness. To help solve the supply chain crisis and compete w/ China, we need to repave our roads and highways, rebuild our bridges and modernize our ports. #MI06 HTTPURL",1,,,,
1248535,China could use this system to punish US companies and workers for speaking out against the Chinese govt and could increase the current inequities and imbalances in our trade relationship. HTTPURL,,1,,,
1644856,"FBI says they open a new counterintelligence investigation into Chinese espionage in USA every ten hours!!! Astonishing that Dems refuse to address China Threat and #CCP activities to steal our jobs, wreck our economy and change our way of life!!",1,,,,1
3135638,The House and Senate both advanced this bipartisan bill. @USER must now do the same and sign this bill into law. Issuing a veto would signal his support of Communist China and their slave labor over hardworking American workers and manufacturers. HTTPURL,1,,,1,
2762533,"We should work with our trade partners on economic agreements that support American workers, not bully them into supporting the administration’s agenda while giving China and Russia a pass.",1,1,,,
3142572,"To help U.S. businesses innovate, grow, and out-compete China, I’ve introduced the American Innovation and Jobs Act to restore and expand RandD tax incentives. Read my @USER op-ed on how this bill will strengthen American job creators.
HTTPURL",1,,1,,
1915637,"Is this how Biden plans to “repair our alliances?” Simple fact: if this pipeline is not built, Canada’s oil will not stay in the ground. It will be sold to China and others with far less stringent environmental safeguards, and the US will lose out on over 14,000 jobs. HTTPURL",1,,,,
2827165,RT @USER EXCLUSIVE: House Oversight Committee Republicans are warning that the Biden administration's push for electric vehicles will benefit Chinese technology companies and hurt American jobs. @USER @USER HTTPURL,1,,1,,
2291075,"Raising the corporate tax rate to a level higher than Canada, Italy, the UK, and even communist China, will directly hurt job and wage growth for the working men in women in Central Washington. I stand against this attack on American workers. HTTPURL
HTTPURL",1,,,,
2404897,"RT @USER We should be unleashing the American economy–not catering to the Chinese. Biden’s #BuildBackBeijing Act that the Democrats voted for will send jobs overseas, empower the CCP, and boost China’s economy. :television: : @USER HTTPURL",1,,,,
2618029,Both Disney and their supporters in the Chinese Communist Party support taking away rights from parents.,,,,,
2589478,Joe Biden must tell President Xi that if China gives weapons to Russia there will be real sanctions and repercussions. I don’t have a lot of faith in Joe Biden to do that today. I joined @USER to discuss. HTTPURL,,,,,1
2445760,#FreeHongKong :Hong_Kong_SAR_China:,,,,1,
2509573,"America Concedes Act provisions that hurt our energy independence: :cross_mark: $3 billion solar manufacturing program for weather-dependent renewables
:cross_mark: $8 billion for the UN Green Climate Fund
:cross_mark: U.S. must abide by Paris Climate Agreement, while China continues their rampant pollution",,,,,
1339626,"As #coronavirus accelerates, World Health Organization continues its outrageous praise for #China government. What is going on here? Is WHO focused on combating the epidemic or appeasing Beijing? These inappropriate comments damage WHO credibility HTTPURL",,,,,
2773039,RT @USER Why would Democrats eliminate the guardrails in their China competition bill so that $24 billion in tax credits could simply subsidize semiconductor production in… China? That makes no sense. HTTPURL,,,,,
1421874,“Sen. Marsha Blackburn is urging the US to end its reliance on ‘madmen in Beijing’ for pharmaceuticals amid fears that the deadly coronavirus pandemic will lead to drug shortages.” HTTPURL,,,,,
2500925,The Republican Study Committee's China Bill focuses on holding Communist China accountable. Our nation needs to stand up to China and tell China that they need to play by the rules. Pelosi’s China Bill FAILS to hold China accountable. She is wasting taxpayer money! HTTPURL,,,,,
1656863,"WATCH → Dr. Fauci says @USER's leadership saved lives and that he was in agreement on the decisions. Did stopping flights from China and Europe save lives? Fauci: ""Yes."" Did early domestic strategies to slow the spread save lives? Fauci: ""I believe it did."" HTTPURL",,,,,
3037756,I attended multiple classified briefings last week to learn about the Chinese surveillance balloon and the three unidentified objects shot down in U.S. airspace. My @USER interview discussing this and the need for transparency from the Administration :down_arrow: HTTPURL,,,,,1
1653846,"Thanks to everyone who joined my teletown hall last night. I hope to be able to meet in person soon. There were many great questions on defunding the police, mask politics, Uighurs in China, and more. It’s an honor to represent you.",,,,1,
226902,Apparently China doesn't believe the CBO growth score either... #TaxReform will grow America's economy. HTTPURL,,,,,
2336155,"Afghanistan, inflation, China. Instead, radical @USER prioritize mass amnesty and IRS surveillance. Speaks volumes to their priorities!",,,,,
451825,"In latest attempt to stamp out #Tibet’s culture and language rights, #China sentences Tibetan activist #TashiWangchuk to 5 years in prison. Key evidence in court was NYT video about his efforts to preserve Tibetan language. HTTPURL",,,,1,
1967570,"This week I filed legislation to protect our nation’s power grid against foreign adversaries, including the Chinese Communist Party. My @USER colleagues and I will continue to stand strong against the CCP and put America First. HTTPURL",,,,,
1660425,"As Congress works to craft a targeted stimulus package, we must prioritize pro-growth policies and ensure medical independence from China. Read more from my op-ed in @USER here: HTTPURL",1,,,,
2799972,"Glad to see our allies condemning Chinese aggression.
HTTPURL",,,,,1
2692692,The Chinese Communist Party is guilty of genocide in the Uyghur Homeland. We must decouple from this evil regime. See it for yourself. :down_arrow: HTTPURL,,,,1,
1867165,"RT @USER The @USER's most high-profile members call for @USER to be removed from @USER following revelations that he was targeted by a suspected Chinese spy. The letter was signed by @USER, @USER, @USER, and a dozen others
HTTPURL",,,,,
520087,"The lesson of Liu Xia and her courageous husband, the late Nobel Peace Prize winner Liu Xiaobo, who was murdered by the Communist Chinese regime, is simple yet powerful: darkness fears light and mendacity fears truth, so tyrants cannot tolerate either.",,,,1,
1845562,"Leaked documents from Wuhan confirm that Communist China lied about the number of COVID-19 cases. As this deadly virus spread, Beijing lied to the world and people died. HTTPURL",,,,,
2745161,"RT @USER .@USER: ""Is [Joe Biden] turning a blind eye to China because of those business relationships with Hunter? That's what we're going to try and find out in January when we become the majority."" @USER @USER @USER HTTPURL",,,,,
3084083,I am concerned with Honduras’ decision to end diplomatic relations with Taiwan in exchange for cash from China. The United States stands with Taiwan — Honduras is making a poor choice by aligning themselves with the CCP.,,,,,
3084515,RT @USER Proud to support the PRC is Not a Developing Country Act – China is not a developing nation and should not receive favorable treatment of any kind. Thanks to @USER for your leadership on this legislation!,,,,,
3119800,Reminding everyone on this #EarthDay that the Biden Administration is sourcing several key components of our economy from the world’s #1 polluter: China.,,,,,
2406850,"The Biden Admin is conducting a Nuclear Posture Review and is reportedly considering the removal of the ""No First Use"" of nuclear weapons policy. Reducing the role of the triad as #Russia and the #PRC grow their own arsenals is as reckless as the Afghanistan withdrawal debacle. HTTPURL
HTTPURL",,,,,1
2762080,The biggest fans of President Biden’s radical energy policies are Xi Jinping and Vladimir Putin. It is insulting and illogical to sell our strategic oil reserves to China while Americans suffer from record-high gas prices. HTTPURL,,,,,
2513199,"Insanity. China, under Communist Party rule, is not worthy of the honor of the Olympics. HTTPURL",,,,,
1018712,"RT @USER .@USER: “From copper to rare earths, this country is blessed with an abundance of energy and minerals. We can’t be dependent on Russia and China who control nearly 90% of rare earths. U.S. #mining does it better than any other place in the world. #WCS19 #Energy #Minerals HTTPURL",,,,,
2185905,Why would @USER remove videos and suspend accounts showing regime atrocities in #Cuba? BECAUSE ITS OWNED BY COMMUNIST #China! #SOSCubaLibre HTTPURL,,,,,
1437356,"If the Speaker cares one bit about our country and the raging #COVIDー19 pandemic, she will pause her so-called select commission on the President (political games/theater) and instead focus on the real threat to our country/world - the Chinese Government:
HTTPURL",,,,,
999816,"This week, the Senate fulfilled its responsibility to ensure our military is funded and equipped with what it needs to protect and defend our nation’s security, even as the world grows more dangerous and threats from countries like Iran, China, and Russia are escalating.",,,,,1
1721662,"US: revokes visas for legitimate security and intellectual property risks. CCP: This is ""political persecution and racial discrimination."" Also CCP: ~1M ethnic Uighurs in concentration camps, ongoing political persecution in Hong Kong and against Falun Gong. HTTPURL",,,1,1,
3010877,Relying on adversarial countries like China for copper puts our national security at risk. The Administration should swiftly designate copper as a critical mineral to better ensure a reliable supply of domestic copper resources—including those mined at @USER’s @USER. HTTPURL,,,,,
3016349,A more complete map of the Chinese spy balloon pathway including sensitive military sites. Inexcusable that it wasn’t shot down as soon as it was detected. HTTPURL,,,,,1
2598201,":police_car_light: Reminder: America's adversaries are stronger today because of @USER's weak leadership. :warning: Radical Islamic Terrorists
:warning: Russia
:warning: China
:warning: Iran
:warning: North Korea",,,,,1
971099,"Hong Kong demonstrators know what happened in Tiananmen Square in 1989. They know the risk they run by defying the Chinese Communist Party. The demonstrators' courage in the face of threats, police batons, and tear gas is an example for the world to follow. HTTPURL",,,,1,
1551231,"For many years, Communist China has worked to undermine the United States and our interests, this includes stealing our intellectual property. This is a threat to our national security and our economic wellbeing.",,,1,,1
2067110,Cutting our nation's defense budget while we have adversaries like #China who haven’t slowed down is a dangerous misstep. It will hurt our servicemembers and it will hurt our national security. Who benefits? China and the radical-left's pet projects. @USER HTTPURL,,,,,1
2837598,The Chinese Communist Party presents one of the greatest threats in modern day history. Biden has failed to strengthen America and stand up to Xi Jinping.,,,,,1
1084156,"#China is our biggest existential threat, and @USER needs to stay firm in trade negotiations to secure a real deal —not just political window dressing—for our manufacturers, producers, farmers, ranchers, and consumers. Watch my conversation about #trade talks on @USER: HTTPURL",1,1,,,1
2399373,@USER - Glad to see our Japanese allies are strengthening their military alliance with the United States. These partnerships are vital as we work toward countering China’s aggression in the region.,,,,,1
1612204,"What are the Chinese Communists doing with your #TikTok data? Perhaps developing AI technology to use cameras to detect faces… we know they use face recognition software to discriminate against #Uighurs. Data is the fuel that keeps the dystopian #CCP machine running! HTTPURL I agree with @USER, we need to stop China’s parasitic spyware app from collecting innocent Americans' data. That starts by passing @USER's and my bill, the No TikTok on Government Devices Act. HTTPURL",,,1,1,
1623165,"RT @USER Great to see @USER taking up @USER, @USER, @USER and @USER bill to support Open RAN technologies. USA Telecommunications Act is one tool that could help combat network security threats from China and other bad actors.",,,1,,1
1363772,#China is reportedly provoking #Taiwan through military aircraft exercises. We are once again reminded of #Beijing’s ceaseless threats of violence against #Taipei. HTTPURL,,,,,1
3105007,RT @USER We also discussed China completing 3 days of military drills in response to the Taiwanese President meeting @USER in California. This is how @USER responded: HTTPURL,,,,,
3036911,Xi Jinping and the Chinese Communist Party are a clear adversary and threat to our national security. When will Joe Biden treat them that way?,,,,,1
1874208,"RT @USER Under @USER, @USER has moved to counter the #China threat! We produced the China Task Force, a blueprint for bipartisan action Congress can take to counter the #CCP. By ignoring that report and now giving Swalwell a pass, Democrats have become the pro-China party. HTTPURL",,,,,
2783366,Never thought I’d find myself supporting Nancy Pelosi but I 100% back her trip to Taiwan. Disgraceful that Biden and the Pentagon are bowing to Chinese threats.,,,,,
1381584,"RT @USER New: For the U.S., the biggest financial threat from China might not be the coronavirus HTTPURL",,,,,
2081586,The Communist Chinese Party’s war on faith and free expression must end. I call on the Chinese government to immediately release Chen Yu and to cease all persecution of people of faith. I will always stand up and fight for freedom of speech and religion. HTTPURL,,,,1,
3071731,"RT @USER It is crucial to protect our nation’s critical infrastructure from bad actors like China, Russia and North Korea. @USER will hold a hearing next week on the newly released White House National Cybersecurity Strategy. Mar 23 | 2 PM ET HTTPURL",,,,,1
1569411,"Zoom’s decision to bow down to the demands of Communist China is unacceptable. Shutting down accounts that pose no threat, simply because the Chinese Communist Party asked you to, is a slap in the face to those fighting for their human rights. This should never have happened. HTTPURL",,,1,1,
1558015,"Thank you to @USER’s @USER and @USER for inviting me to join y’all on @USER. Take a listen to our wide-ranging conversation on #GeorgeFloyd, the threat of the Chinese Communist Party, the catastrophic Obama-Iran nuclear deal and more :backhand_index_pointing_down: HTTPURL",,,,,
972584,"RT @USER @USER “I believe that we are in an equally dangerous situation today as we were in 1940. We are engaged in both a great power competition with Russia and China, while also facing increased threats from around the world.” #FY20NDAA",,,,,1
3012710,"RT @USER Mr. President, get this espionage balloon out of our airspace! China poses a real threat to Idahoans and Americans. We must crush this effort to spy on our nation immediately. HTTPURL",,,,,1
2906088,"President Biden has managed America’s security from a position of weakness and incompetence. He failed to stand up to the Chinese Communist Party, sought to cut deals with the Iranian regime, and promoted Russian energy. His America Last foreign policy endangers us all. HTTPURL",,,,,
2077389,"While half of the world’s terrorist organizations reside in Afghanistan, a small military force should remain. Great to talk with @USER about my concerns over Biden’s Afghanistan withdrawal plan, the threat of China and more.
HTTPURL",,,,,
1642217,"The Democrats hate President Trump so much they are willing to side with communist China in an effort to criticize him. This is a committee chairman in the U.S. House of Representatives!! Armed Services Chairman no less. Shameful and dangerous. HTTPURL The Dem Chair of the Armed Services Committee even said that ""it's not actually their job to warn the American people"" about coronavirus. HTTPURL",,,,,
831252,Yesterday @USER and I discussed my “Protect Our Universities” Act and Chinese cyber threats on @USER. Watch below to tune in to the conversation:backhand_index_pointing_down: :light_skin_tone: HTTPURL,,,,,1
1518704,Iran isn’t letting a crisis go to waste! They’ve spent #COVID19 trying to undermine the US and our allies… :right_arrow: Launched cyberattacks against #Israel :right_arrow: Testing ICBM tech w/ launch of satellite :right_arrow: Harassed and detained US and Hong Kong ships Time to act like a normal nation!,,,,,
395264,"Yesterday, I chaired a @USER subcommittee hearing on Chinese spies infiltrating many layers of our society for nefarious reasons. China steals our fundamental research and quickly capitalizes by commercializing the technology. This must end. #LA05
HTTPURL",,,1,,
1807119,"#Crapo4YearHighlight: In 2018, @USER signed The Foreign Investment Risk Review Modernization Act into law, reforming the Committee on Foreign Investment in the U.S. to better address threats posed by Chinese foreign investment and other threats to U.S. critical technologies.",,,1,,
3024676,"RT @USER More alarming facts coming from that China Spy Flight DOD briefing. @USER tells Harris, “Pentagon was unable to jam transmissions of the #chinaballoon… we have a bigger hole in anti-surveillance technology than we would like to admit.” HTTPURL",,,,,
1774211,"""Anyone hoping that China is finally turning a new leaf on climate change, human rights, territorial expansionism, technology theft – pick virtually any important issue of the day – should open his or her eyes to reality."" -- Sen. Rubio in @USER HTTPURL",,,1,1,1
2060733,China is using U.S. technology to design weapons that target American servicemembers in the Indo-Pacific. We're asking @USER to restrict the sale of such software--the U.S. shouldn't sell Chinese communists the rope they'll use to hang us. HTTPURL,,,1,,1
1187164,"RT @USER #China's tech firms, whether private or state-owned, are instrumentalities or potential instrumentalities of a hostile communist state. HTTPURL",,,1,,
3096062,The CCP does everything it can to steal our intellectual property and data. We CANNOT afford to act like it isn't happening. We must stop buying products from Communist China and delete TikTok before it's too late.,,1,1,,
1812637,"As I told @USER, it’s concerning that the Air Force would choose to make this purchase. I’ve been clear about the threat posed by tech companies like DJI that are controlled by Communist China. My American Security Drone Act protects our national security and needs to be passed. HTTPURL",,,1,,1
2431318,"It’s my humble opinion that no one should be in bed with China, let alone one of our largest technology companies. HTTPURL",,,1,,
2967509,"I was proud to join @USER in introducing the NETWORKS Act, which cuts off tech companies controlled by Communist China who engage in economic espionage. The U.S. MUST hold these companies accountable for threatening our safety and national security. HTTPURL",,,1,,1
2778280,"China is a communist government that oppresses its own people and wants world domination. We should be engaged and attentive to their grasp for land, production of marijuana and theft of ideas in the US—they’re not here for our benefit. HTTPURL",,,1,,1
514803,"Our tech firms reject U.S. military,but embrace Tsinghua which supplies tech to #China’s military. @USER sold them their China-based server, @USER invested $1.5 billion, @USER has strategic partnership and @USER allows them to license advanced tech HTTPURL",,,1,,
2175421,"After decades of well-known wrongdoings, human rights violations, and manipulation of American intellectual property, it's time to get serious about reducing our dependence on China and its role in our nation’s supply chains. HTTPURL",,,1,1,
926621,"Companies that give China access to important tech in exchange for market share aren’t just making a business deal, they’re helping the authoritarian Chinese govt HTTPURL",,,1,,
1499368,"The @UN decision to partner with Tencent, a glorified surveillance arm of Beijing, is stupid and dangerous. A new bill from Sen. Hawley and @USER would prevent US officials from using tech from companies that cooperate with the Chinese Communist Party HTTPURL",,,1,,1
2882377,"Foreign ownership of U.S. agricultural land has recently doubled. Worse, a Chinese company purchased farmland near an Air Force base home to top-secret technologies. Republicans in Congress are seeking answers on this troubling development. HTTPURL",,,,,1
848893,"Watch my part in today's @USER hearing :television: :down_arrow: My questions: 1) Why and how can we ensure we remain competitive with China in emerging tech + defense spending, 2) When can we expect DoD to designate an East Coast Missile Defense Site, as promised? HTTPURL",,,1,,1
2106597,".@USER also welcomed Heidi Shyu, nominated to be Under Secretary of @USER for Research and Engineering, today. When I visited @USER Saturday, they welcomed her nomination too! I agree with her approach: Congress needs to fund defense tech to compete w/ China. HTTPURL",,,1,,
1522528,"RT @USER #FlashbackFriday to our @USER AI hearing in January. KEY: America—not China—should be leading the world on AI, writing the rules for this technology, and encouraging the rest of the world to follow our leadership. HTTPURL",,,1,,
1074145,"President Trump is doing what others have only talked about when it comes to China - making them pay a price for intellectual property theft, currency manipulation, and challenging China’s state-owned enterprises that are destroying private sector jobs throughout the world.",1,1,1,,
2783467,RT @USER Congress must pass the CHIPS Act for both our national and economic security. We have to become less dependent on China for critical technologies — and this is how we do it.,,,1,,1
2505561,"Speaker Pelosi’s sham China bill is a legislative gift to the Chinese Communist Party: :cross_mark: Distracts US military with climate change projects
:cross_mark: Allows CCP to steal our intellectual property
:cross_mark: No independent investigation into COVID China must be held accountable!",,,1,,
1849773,"America’s IP and taxpayer-funded research enterprise are high-value targets for #China’s talent recruitment efforts and it’s time to pass my bipartisan legislation, the Safeguarding American Innovation Act, to ensure we are doing everything possible to stop this theft.",,,1,,
2100534,"I'm calling on Speaker Pelosi to prioritize taking bipartisan action to address the growing threats from the Chinese Communist Party to U.S. technological competitiveness, economic growth, and national security. Read the letter :right_arrow_curving_down: HTTPURL",1,,1,,1
926489,"Senator Hawley: “For too long, China has exploited American innovation to undermine our values and threaten our security. This legislation is an important step toward keeping American technology out of the hands of the Chinese government and its military.”",,,1,,1
1617153,"It looks like TikTok is having some technical difficulties... Chinese Communist Party spyware slowing your servers down, @USER? #TikTokDown HTTPURL",,,,,
1338558,Winning the race to 5G is one of America’s top economic and national security priorities. @USER and I introduced bipartisan legislation today to help ensure we don’t concede leadership to China as 5G technology continues to develop. HTTPURL,,,1,,1
1684100,"RT @USER The Trump administration continues to take decisive action against the Chinese Communist Party to further protect our national security, the privacy of American citizens, and U.S. businesses’ intellectual property from the CCP's malign influence.
HTTPURL",1,,1,,1
2367357,"The Build Back Broke Agenda includes one giveaway after another to China. It doubles the National Science Foundation budget, without any protections to ensure research and intellectual property do not go to China. It also advances a climate agenda that will enrich the CCP.",,,,,
549936,"I understand the concern around tariffs, but I think Americans should take a broader view on trade, tariffs, foreign investment and China’s posture in all this. Read my op-ed here. :backhand_index_pointing_down: :backhand_index_pointing_down: :backhand_index_pointing_down: :backhand_index_pointing_down: HTTPURL",,,,,
1035682,RT @USER ICYMI: @USER: Empowering America's Small Businesses to Confront China Chairman Rubio discusses the SBA Reauthorization and its importance in equipping our small businesses to compete against China. @USER HTTPURL,1,,,,
3069358,"Yesterday, our @USER delegation had a productive meeting with Ecuadorian president Guillermo Lasso. As China expands its reach in the region, it’s important that we continue strengthening our partnership with Ecuador. HTTPURL",,,,,1
2518896,"To allow small businesses and manufacturers to access relief, I've joined @USER and @USER in sending a letter to @USER urging the Admin to establish a more comprehensive exclusion process for imports from China subject to tariffs in the Trade Act of 1974. HTTPURL",,,,,
2775732,"A visit by Nancy Pelosi to Taiwan would be an important display of support, but the U.S. also needs to bolster Taiwan’s defenses. HTTPURL",,,,,
1287914,"Two BIG wins for American workers this week! - China agrees to purchase an additional $200 billion in US goods over the next 2 yrs in historic trade agreement secured by @USER - Senate approved the #USMCA, estimated to create nearly 180,000 new jobs here in America",1,1,,,
3096870,"RT @USER :police_car_light: NEW: @USER led group to meet with Taiwan’s President: “When you have a leader of this important democracy come to your own country, it’s more important than ever to make sure dictators in Beijing don’t dictate who we can or cannot meet with.” HTTPURL",,,,1,
1318118,"Jon DeVaney, President of the WA State Tree Fruit Association, has been a steadfast advocate of strong trade agreements like the #USMCA and U.S.-China trade deal. He understands the importance of trade for the #WA04 tree fruit industry and our state's economy. HTTPURL",,,,,
956076,#China’s egregious violations of trade rules is what has created the conflict with U.S. Yet they insist that “both sides make concessions” in order to reach trade deal. HTTPURL,,1,,,
972550,"RT @USER Recap of #WashingtonWatch with @USER:
@USER - Mexico tariff threat turned into border win.
@USER - Judge keeping last MO abortion clinic open.
@USER - #Hollywoodhypocrisy: threaten Georgia over abortion, bend backward for China.
HTTPURL",,,,,
1075081,"We’re not only nation impacted by Chinese practices,but we’re the only one with economic size to take them on alone. That said it would be far more effective to join with other nations in doing this. That’s not possible when we have trade fights going on with them as well.",,1,,,
1611011,"(1/2) It is vitally important that we continue to hold exercises in the South China sea to deter China’s aggressive actions, in violation of international norms, in the South China Sea. HTTPURL DETAILS :down_arrow: HTTPURL",,,,,1
1285191,I commend @USER for leaning in hard to work toward fair and reciprocal trade with China. This is welcome news for farmers and ranchers in the Lone Star State and across the country who want access to Chinese markets.,1,1,,,
2954784,"RT @USER Glad to hear @USER and @USER discuss the importance of avoiding war while ensuring #Taiwan remains free from #China at @USER. The #US must lead with actions, not just words. HTTPURL",,,,,1
3032141,"RT @USER :police_car_light: BREAKING: @USER and I are demanding to know whether the solar panels powering the CCP's spy balloon fleet are from the same Chinese companies Biden has been protecting and allowing to break US trade law at the expense of American workers.
HTTPURL",1,1,1,,1
1628790,AG Barr stated that “the ultimate ambition of China’s rulers isn’t to trade with the US. It is to raid the US.” We cannot allow that happen. The Senate must pass my bipartisan Safeguarding American Innovation Act to protect US taxpayer-funded innovation.,,1,1,,
223529,Good news from @USER. Great to see China recognizing the high quality of #NebraskaBeef. We will keep working to expand the market and open more #trade opportunities for #NebraskaAg. HTTPURL,,,,,
1704509,#Taiwan is rolling back restrictions on U.S. beef and pork imports. This is great news for Kentucky farmers and agribusinesses nationwide. I previously sent a letter to the Trump Administration supporting increased trade with Taiwan. HTTPURL,,,,,
1794062,"As the US and countries around the world begin to deploy 5G technology, it’s important that this infrastructure is secure from foreign influence. HTTPURL This is good news. The U.S. must continue to lead in emerging technologies and help fellow freedom-loving nations follow suit to stop bad actors like China. HTTPURL",,,1,,1
425262,"As U.S. officials travel to #Beijing this week for trade talks to correct an increasingly unbalanced economic relationship with #China, I am introducing legislation that will protect our economy from Chinese aggression. Read my op-ed here: HTTPURL",,1,,,
1183072,"#hongkong is this generation’s Berlin. It represents the struggle we face with China to preserve our economy, our jobs, and our security. From @USER to the @USER, China is trying to export its values and its censorship to America. We have to stand up #StandWithHongKong HTTPURL",1,,,1,1
2589287,"The last time this happened, China decided it was a good time to export the virus to the rest of the world. HTTPURL",,,,,
2679693,Senator Hawley argues “that the tariffs level the playing field for American workers and are important tools for countering China economically” and urges Biden Admin. to maintain tariffs on Chinese goods. HTTPURL,1,1,,,
568228,RT @USER .@USER on trade with #China: “@USER has taken a tough stance that China is not used to as far as American presidents in the past… I don’t think China wants to see a prolonged battle with us and I also think that they see ways to improve the trade deficit.” HTTPURL,,1,,,
1255281,"#China has created the most comprehensive spying network in history. They can scan phones,track faces and find out when people leave their home. And from the #DominicanRepublic to Zimbabwe they are exporting this technology to nations all over the world. HTTPURL",,,1,,1
2497966,"RT @USER Once again, the Biden admin is killing American jobs in favor of countries like China. The Administration’s own renewable energy targets cannot be met without increasing mineral development. Why wouldn’t we want those resources and jobs to be American instead of foreign imports? HTTPURL",1,,,,
1629238,Save NE Syria for Christians and Yizidis. It’s their ancestral home and strategically important to bock both Iran and China. Children bring joy to our hearts! HTTPURL,,,,,
1928341,"Not only does stopping the Keystone XL Pipeline kill thousands of American jobs, it empowers China who exports much of our world's renewable energy. This inexcusable decision by the Biden Administration is putting the interests of Beijing ahead of our workers. HTTPURL",1,1,1,,
802721,Pleased to hear of positive developments in @USER trade talks with China. China has been a bad actor for far too long and must be held accountable. Encouraged by continued progress towards a solution that provides certainty for MO farmers and ranchers.,1,1,,,
2450932,I had a great time at the Agricultural Export Summit last month with Reps. Johnson and Feenstra. Ken Barbic from Farmer's Business Network asked really important questions about challenges facing the Ag industry from the supply chain crisis to the U.S.-China relationship. HTTPURL,1,1,,,